sub_id,stim_id,dv
1,1,412.5
1,2,409
1,3,329.5
1,4,370
1,5,350
1,6,425.5
1,7,384.5
1,8,330
1,9,356.5
1,10,387
1,11,355.5
1,12,308.5
1,13,452.5
1,14,367
1,15,339
1,16,351
1,17,242.5
1,18,336
1,19,461.5
1,20,223
1,21,349.5
1,22,295
1,23,419
1,24,368.5
1,25,402.5
1,26,434.5
1,27,420
1,28,416
1,29,372
1,30,332.5
1,31,369
1,32,261
1,33,297
1,34,427
1,35,388.5
1,36,458
1,37,440
1,38,367
1,39,324
1,40,231
1,41,324
1,42,291.5
1,43,271.5
1,44,343.5
1,45,297.5
1,46,457.5
1,47,399.5
1,48,356.5
1,49,330
1,50,354
2,1,400
2,2,353.5
2,3,341
2,4,387
2,5,426
2,6,422
2,7,471.5
2,8,441
2,9,557.5
2,10,442
2,11,449
2,12,403.5
2,13,407.5
2,14,401.5
2,15,381
2,16,408.5
2,17,387
2,18,480
2,19,475
2,20,329
2,21,419
2,22,356
2,23,462
2,24,422.5
2,25,355.5
2,26,517.5
2,27,257.5
2,28,375.5
2,29,512
2,30,483
2,31,458
2,32,448
2,33,374.5
2,34,339.5
2,35,367.5
2,36,474
2,37,446
2,38,459.5
2,39,364.5
2,40,324.5
2,41,455
2,42,372
2,43,388.5
2,44,449.5
2,45,293
2,46,468.5
2,47,253
2,48,502.5
2,49,415.5
2,50,423
3,1,348
3,2,387.5
3,3,307
3,4,395
3,5,282
3,6,407.5
3,7,296
3,8,257.5
3,9,431
3,10,388.5
3,11,216.5
3,12,302.5
3,13,277.5
3,14,295
3,15,426.5
3,16,323.5
3,17,315.5
3,18,371.5
3,19,352.5
3,20,319.5
3,21,298
3,22,195.5
3,23,386.5
3,24,206
3,25,263.5
3,26,362.5
3,27,288.5
3,28,361.5
3,29,313.5
3,30,392
3,31,233
3,32,17.5
3,33,311
3,34,391.5
3,35,441.5
3,36,412
3,37,348
3,38,406
3,39,285
3,40,263
3,41,272.5
3,42,280.5
3,43,249
3,44,292
3,45,391.5
3,46,344.5
3,47,302
3,48,383
3,49,330.5
3,50,371
4,1,279.5
4,2,341.5
4,3,215.5
4,4,305.5
4,5,461
4,6,490.5
4,7,385.5
4,8,325.5
4,9,370
4,10,269
4,11,309.5
4,12,280.5
4,13,345.5
4,14,351
4,15,280.5
4,16,353.5
4,17,306.5
4,18,340.5
4,19,418
4,20,250
4,21,369
4,22,225.5
4,23,377.5
4,24,271
4,25,300.5
4,26,453.5
4,27,329.5
4,28,261
4,29,307.5
4,30,409
4,31,331.5
4,32,180.5
4,33,248.5
4,34,346
4,35,376
4,36,270
4,37,350
4,38,260
4,39,268
4,40,261
4,41,312.5
4,42,299
4,43,374.5
4,44,312
4,45,337.5
4,46,396.5
4,47,302
4,48,317
4,49,458
4,50,303
5,1,491.5
5,2,358
5,3,427
5,4,431.5
5,5,482.5
5,6,477.5
5,7,580.5
5,8,461.5
5,9,608
5,10,565.5
5,11,422
5,12,429
5,13,422.5
5,14,474
5,15,537.5
5,16,515.5
5,17,426
5,18,497.5
5,19,630.5
5,20,388
5,21,437.5
5,22,372.5
5,23,496.5
5,24,409
5,25,352.5
5,26,577.5
5,27,561.5
5,28,448.5
5,29,409.5
5,30,544.5
5,31,528
5,32,480.5
5,33,425
5,34,530
5,35,606.5
5,36,539
5,37,422
5,38,447.5
5,39,531.5
5,40,485.5
5,41,393.5
5,42,440.5
5,43,434.5
5,44,315.5
5,45,359.5
5,46,469.5
5,47,410
5,48,484
5,49,530.5
5,50,488.5
6,1,280.5
6,2,358.5
6,3,305.5
6,4,332.5
6,5,308.5
6,6,287.5
6,7,301.5
6,8,370.5
6,9,322.5
6,10,406.5
6,11,359.5
6,12,169
6,13,320.5
6,14,311.5
6,15,310.5
6,16,351
6,17,270
6,18,382.5
6,19,372
6,20,161
6,21,460.5
6,22,298.5
6,23,340
6,24,308.5
6,25,342.5
6,26,306
6,27,329.5
6,28,278
6,29,286.5
6,30,361
6,31,462
6,32,207
6,33,285
6,34,404.5
6,35,409
6,36,402.5
6,37,297.5
6,38,319
6,39,238.5
6,40,166
6,41,293.5
6,42,365.5
6,43,248.5
6,44,287.5
6,45,292
6,46,370
6,47,296.5
6,48,418
6,49,329
6,50,346.5
7,1,399
7,2,315
7,3,353
7,4,310.5
7,5,377
7,6,349
7,7,447
7,8,308.5
7,9,356.5
7,10,368.5
7,11,235
7,12,349
7,13,335
7,14,244
7,15,357
7,16,356
7,17,229.5
7,18,501.5
7,19,435
7,20,293.5
7,21,400
7,22,282
7,23,424.5
7,24,275.5
7,25,198
7,26,459.5
7,27,344
7,28,251
7,29,313
7,30,409
7,31,428
7,32,236
7,33,234
7,34,415.5
7,35,424
7,36,313
7,37,281.5
7,38,386
7,39,374.5
7,40,231
7,41,317.5
7,42,402.5
7,43,361.5
7,44,359
7,45,389
7,46,401
7,47,337
7,48,412
7,49,298
7,50,350.5
8,1,436
8,2,397.5
8,3,397
8,4,486.5
8,5,581
8,6,525.5
8,7,549
8,8,509
8,9,573
8,10,475
8,11,385
8,12,367
8,13,411.5
8,14,511.5
8,15,370
8,16,369
8,17,467
8,18,510
8,19,494
8,20,436.5
8,21,625
8,22,323.5
8,23,551
8,24,388.5
8,25,424.5
8,26,550.5
8,27,412
8,28,387
8,29,532
8,30,546.5
8,31,520
8,32,419.5
8,33,450.5
8,34,555.5
8,35,653.5
8,36,446
8,37,537.5
8,38,410
8,39,369.5
8,40,386
8,41,516
8,42,446.5
8,43,429
8,44,504
8,45,376
8,46,412
8,47,445
8,48,427
8,49,436.5
8,50,476.5
9,1,264.5
9,2,299.5
9,3,244.5
9,4,284.5
9,5,354
9,6,291.5
9,7,295.5
9,8,237
9,9,325
9,10,338
9,11,318.5
9,12,261
9,13,336.5
9,14,245.5
9,15,295.5
9,16,323.5
9,17,247.5
9,18,320
9,19,374.5
9,20,132.5
9,21,371.5
9,22,277
9,23,323
9,24,284.5
9,25,244.5
9,26,413
9,27,228
9,28,252.5
9,29,316.5
9,30,282.5
9,31,418.5
9,32,151.5
9,33,114.5
9,34,316
9,35,296.5
9,36,296
9,37,379
9,38,378
9,39,219.5
9,40,153
9,41,307
9,42,295
9,43,194.5
9,44,319.5
9,45,243
9,46,404
9,47,333.5
9,48,295.5
9,49,359
9,50,228.5
10,1,61.5
10,2,177.5
10,3,181.5
10,4,148
10,5,224.5
10,6,246.5
10,7,169.5
10,8,61.5
10,9,295
10,10,153.5
10,11,109.5
10,12,134.5
10,13,133.5
10,14,190.5
10,15,194.5
10,16,196.5
10,17,185
10,18,211.5
10,19,184.5
10,20,164
10,21,182
10,22,74.5
10,23,194
10,24,123
10,25,78
10,26,258.5
10,27,129.5
10,28,105.5
10,29,194.5
10,30,279
10,31,250.5
10,32,11.5
10,33,119.5
10,34,179.5
10,35,153.5
10,36,198.5
10,37,198.5
10,38,108
10,39,126.5
10,40,65.5
10,41,129.5
10,42,151
10,43,159.5
10,44,214.5
10,45,97.5
10,46,251.5
10,47,129.5
10,48,251.5
10,49,170
10,50,232
11,1,343
11,2,344
11,3,268
11,4,299
11,5,389
11,6,470
11,7,354.5
11,8,251.5
11,9,453.5
11,10,411
11,11,333
11,12,434.5
11,13,430
11,14,416
11,15,434.5
11,16,297
11,17,272.5
11,18,321
11,19,406
11,20,251.5
11,21,440
11,22,309
11,23,430
11,24,364.5
11,25,342
11,26,410.5
11,27,301.5
11,28,359.5
11,29,460
11,30,442.5
11,31,477.5
11,32,197.5
11,33,257.5
11,34,381
11,35,466
11,36,365.5
11,37,416
11,38,433.5
11,39,407
11,40,306.5
11,41,375
11,42,357
11,43,294.5
11,44,294
11,45,410.5
11,46,461
11,47,403.5
11,48,413.5
11,49,351
11,50,401
12,1,528
12,2,430.5
12,3,375.5
12,4,396
12,5,465.5
12,6,454
12,7,406
12,8,384.5
12,9,427
12,10,383.5
12,11,304.5
12,12,413.5
12,13,381
12,14,447.5
12,15,389.5
12,16,452
12,17,401
12,18,411
12,19,475
12,20,361.5
12,21,408.5
12,22,300
12,23,505.5
12,24,390.5
12,25,309
12,26,412
12,27,362.5
12,28,354
12,29,323
12,30,497.5
12,31,483.5
12,32,395.5
12,33,310.5
12,34,435.5
12,35,414.5
12,36,417.5
12,37,443.5
12,38,434
12,39,414
12,40,384
12,41,424.5
12,42,350
12,43,425.5
12,44,382
12,45,387.5
12,46,493.5
12,47,355
12,48,428.5
12,49,469.5
12,50,523.5
13,1,165
13,2,170.5
13,3,195
13,4,97.5
13,5,332.5
13,6,299
13,7,234.5
13,8,199
13,9,323
13,10,168.5
13,11,238
13,12,207
13,13,217.5
13,14,171
13,15,252.5
13,16,118.5
13,17,122.5
13,18,144.5
13,19,223.5
13,20,120
13,21,171.5
13,22,45
13,23,224.5
13,24,135
13,25,196
13,26,247.5
13,27,121.5
13,28,222
13,29,155
13,30,314.5
13,31,261.5
13,32,40
13,33,74.5
13,34,190.5
13,35,195.5
13,36,103
13,37,208
13,38,83
13,39,117.5
13,40,192
13,41,212
13,42,64
13,43,150
13,44,53.5
13,45,191.5
13,46,178
13,47,75.5
13,48,136.5
13,49,280
13,50,135
14,1,170
14,2,198
14,3,256.5
14,4,212
14,5,345
14,6,409
14,7,334
14,8,377
14,9,236.5
14,10,307.5
14,11,281
14,12,271
14,13,212.5
14,14,311.5
14,15,344
14,16,341.5
14,17,234
14,18,302
14,19,241
14,20,129
14,21,367
14,22,179.5
14,23,197
14,24,247.5
14,25,248
14,26,262
14,27,222
14,28,249
14,29,360
14,30,334
14,31,276
14,32,135
14,33,276.5
14,34,383.5
14,35,265.5
14,36,341.5
14,37,327
14,38,359
14,39,281.5
14,40,154
14,41,302.5
14,42,249
14,43,278
14,44,202
14,45,263.5
14,46,240.5
14,47,255.5
14,48,358
14,49,279
14,50,349
15,1,34.5
15,2,105
15,3,115.5
15,4,178.5
15,5,150
15,6,121
15,7,180.5
15,8,134.5
15,9,277.5
15,10,239.5
15,11,100.5
15,12,215.5
15,13,117.5
15,14,217.5
15,15,184.5
15,16,153
15,17,136.5
15,18,170
15,19,278
15,20,48
15,21,7
15,22,89.5
15,23,113
15,24,131.5
15,25,92.5
15,26,258.5
15,27,134.5
15,28,156
15,29,93.5
15,30,253.5
15,31,102
15,32,53.5
15,33,82.5
15,34,279.5
15,35,283
15,36,255
15,37,193.5
15,38,268.5
15,39,92
15,40,16
15,41,187
15,42,173
15,43,89.5
15,44,68.5
15,45,204.5
15,46,223
15,47,145
15,48,67
15,49,14.5
15,50,189
16,1,606
16,2,562.5
16,3,501.5
16,4,507
16,5,566
16,6,539
16,7,659
16,8,500
16,9,646.5
16,10,553.5
16,11,476
16,12,552.5
16,13,480
16,14,487
16,15,445
16,16,464.5
16,17,570.5
16,18,453
16,19,571
16,20,440
16,21,486.5
16,22,447
16,23,576
16,24,535.5
16,25,557.5
16,26,597
16,27,518.5
16,28,425
16,29,592.5
16,30,522
16,31,572.5
16,32,432.5
16,33,431.5
16,34,554
16,35,592.5
16,36,572
16,37,613.5
16,38,489.5
16,39,542.5
16,40,468.5
16,41,583
16,42,486
16,43,509
16,44,352
16,45,418.5
16,46,546.5
16,47,483
16,48,428
16,49,549
16,50,492.5
17,1,343
17,2,391.5
17,3,255.5
17,4,505.5
17,5,463
17,6,449.5
17,7,472
17,8,384
17,9,481
17,10,446
17,11,392
17,12,371.5
17,13,365
17,14,384.5
17,15,521.5
17,16,411
17,17,508
17,18,423
17,19,413.5
17,20,350.5
17,21,342.5
17,22,292
17,23,410.5
17,24,424
17,25,359.5
17,26,446.5
17,27,381.5
17,28,400
17,29,317
17,30,469
17,31,534
17,32,356
17,33,309
17,34,384
17,35,582.5
17,36,408
17,37,422.5
17,38,437.5
17,39,373.5
17,40,398.5
17,41,363.5
17,42,450.5
17,43,381.5
17,44,396
17,45,488
17,46,425
17,47,441
17,48,464
17,49,452.5
17,50,492.5
18,1,714.5
18,2,679.5
18,3,577.5
18,4,583.5
18,5,666.5
18,6,695
18,7,620.5
18,8,559.5
18,9,654
18,10,690.5
18,11,562
18,12,685.5
18,13,533
18,14,636.5
18,15,533.5
18,16,647.5
18,17,554
18,18,717
18,19,654
18,20,496
18,21,614
18,22,518.5
18,23,595.5
18,24,606.5
18,25,466
18,26,672.5
18,27,573.5
18,28,655.5
18,29,711
18,30,562
18,31,757
18,32,558
18,33,472
18,34,651
18,35,684
18,36,553.5
18,37,603
18,38,668.5
18,39,646
18,40,515.5
18,41,617
18,42,581.5
18,43,621.5
18,44,620
18,45,639.5
18,46,670.5
18,47,552
18,48,538.5
18,49,636.5
18,50,658
19,1,562
19,2,519
19,3,310
19,4,432
19,5,468
19,6,463.5
19,7,413.5
19,8,466
19,9,442.5
19,10,308.5
19,11,474.5
19,12,435
19,13,425
19,14,446.5
19,15,465
19,16,566.5
19,17,537
19,18,502.5
19,19,506.5
19,20,307
19,21,580
19,22,411
19,23,493.5
19,24,437.5
19,25,418
19,26,534.5
19,27,418
19,28,475.5
19,29,382.5
19,30,429.5
19,31,442
19,32,316
19,33,323.5
19,34,552
19,35,576
19,36,442.5
19,37,461.5
19,38,545
19,39,430.5
19,40,275
19,41,441.5
19,42,628
19,43,456.5
19,44,486
19,45,557.5
19,46,445
19,47,457.5
19,48,507
19,49,455.5
19,50,552
20,1,297
20,2,425.5
20,3,403.5
20,4,396.5
20,5,303
20,6,492
20,7,335.5
20,8,318.5
20,9,424.5
20,10,294.5
20,11,294.5
20,12,375
20,13,370.5
20,14,419
20,15,370.5
20,16,324
20,17,415.5
20,18,319
20,19,422.5
20,20,301.5
20,21,384.5
20,22,332.5
20,23,406.5
20,24,369.5
20,25,296
20,26,474.5
20,27,338
20,28,280.5
20,29,381.5
20,30,343
20,31,403
20,32,322
20,33,241.5
20,34,437
20,35,434
20,36,485.5
20,37,443.5
20,38,363
20,39,352
20,40,152.5
20,41,328.5
20,42,426
20,43,330
20,44,277
20,45,310.5
20,46,282.5
20,47,388
20,48,310
20,49,369
20,50,345.5
21,1,372
21,2,350.5
21,3,437.5
21,4,434.5
21,5,407.5
21,6,424
21,7,385
21,8,334.5
21,9,475
21,10,350.5
21,11,483
21,12,418.5
21,13,309
21,14,345.5
21,15,377.5
21,16,323.5
21,17,326.5
21,18,364.5
21,19,360
21,20,276
21,21,386.5
21,22,369.5
21,23,415
21,24,364.5
21,25,265.5
21,26,509
21,27,361.5
21,28,285.5
21,29,245
21,30,328
21,31,447.5
21,32,290.5
21,33,285.5
21,34,356.5
21,35,405.5
21,36,431.5
21,37,414.5
21,38,372
21,39,379
21,40,392
21,41,422.5
21,42,376.5
21,43,371.5
21,44,292
21,45,359.5
21,46,383
21,47,390.5
21,48,337
21,49,396
21,50,491
22,1,307
22,2,394.5
22,3,296.5
22,4,305
22,5,348.5
22,6,391.5
22,7,364
22,8,397
22,9,404
22,10,443
22,11,400.5
22,12,331
22,13,323.5
22,14,396
22,15,372.5
22,16,449
22,17,429.5
22,18,412
22,19,514
22,20,330.5
22,21,338.5
22,22,356.5
22,23,482
22,24,315
22,25,307
22,26,418.5
22,27,284.5
22,28,278
22,29,321
22,30,337.5
22,31,327.5
22,32,282
22,33,320
22,34,426.5
22,35,452
22,36,323
22,37,425
22,38,427.5
22,39,231.5
22,40,285.5
22,41,480.5
22,42,339
22,43,422.5
22,44,311.5
22,45,437.5
22,46,414
22,47,299
22,48,346
22,49,308
22,50,382
23,1,385
23,2,463
23,3,429
23,4,380.5
23,5,262.5
23,6,525.5
23,7,535
23,8,357
23,9,530.5
23,10,516
23,11,334.5
23,12,407.5
23,13,450
23,14,435
23,15,342
23,16,375
23,17,473
23,18,404
23,19,481
23,20,372
23,21,457.5
23,22,283.5
23,23,453
23,24,444
23,25,293.5
23,26,467
23,27,385
23,28,426.5
23,29,390.5
23,30,491.5
23,31,479
23,32,405.5
23,33,386.5
23,34,508.5
23,35,435
23,36,422.5
23,37,399
23,38,532
23,39,374
23,40,216
23,41,419.5
23,42,444.5
23,43,424
23,44,375.5
23,45,444.5
23,46,471
23,47,465
23,48,389.5
23,49,395.5
23,50,440.5
24,1,367.5
24,2,346.5
24,3,355
24,4,290
24,5,397
24,6,445
24,7,350
24,8,333
24,9,317
24,10,372
24,11,380
24,12,340.5
24,13,238
24,14,350.5
24,15,376
24,16,358
24,17,327.5
24,18,464.5
24,19,432.5
24,20,209.5
24,21,307
24,22,266.5
24,23,328.5
24,24,280
24,25,233.5
24,26,433
24,27,366.5
24,28,349.5
24,29,280.5
24,30,472.5
24,31,302
24,32,127
24,33,229
24,34,438
24,35,441.5
24,36,444.5
24,37,354.5
24,38,324.5
24,39,240
24,40,224
24,41,235.5
24,42,279.5
24,43,285.5
24,44,375
24,45,393
24,46,323
24,47,327
24,48,296.5
24,49,275.5
24,50,389
25,1,551
25,2,418
25,3,448.5
25,4,421
25,5,530
25,6,531.5
25,7,383
25,8,428
25,9,536
25,10,557.5
25,11,449.5
25,12,355.5
25,13,480
25,14,508
25,15,456
25,16,469.5
25,17,336.5
25,18,567.5
25,19,501
25,20,347.5
25,21,531.5
25,22,334
25,23,521
25,24,349.5
25,25,391
25,26,528.5
25,27,454
25,28,405
25,29,446
25,30,506.5
25,31,512.5
25,32,368
25,33,403
25,34,418
25,35,640.5
25,36,501.5
25,37,483
25,38,387
25,39,495
25,40,336
25,41,397.5
25,42,352
25,43,396
25,44,398.5
25,45,515.5
25,46,431.5
25,47,421.5
25,48,515
25,49,399.5
25,50,546.5
26,1,384.5
26,2,283.5
26,3,275
26,4,276
26,5,462.5
26,6,445
26,7,353.5
26,8,318.5
26,9,411.5
26,10,337.5
26,11,369
26,12,352
26,13,352.5
26,14,317.5
26,15,233
26,16,360.5
26,17,378.5
26,18,377
26,19,402.5
26,20,182
26,21,423
26,22,228
26,23,322
26,24,395
26,25,190.5
26,26,345
26,27,299.5
26,28,297
26,29,391
26,30,391
26,31,385.5
26,32,280
26,33,273
26,34,357.5
26,35,423.5
26,36,264.5
26,37,311.5
26,38,309.5
26,39,326
26,40,198.5
26,41,327
26,42,336.5
26,43,306
26,44,264
26,45,292
26,46,404.5
26,47,321.5
26,48,362
26,49,284
26,50,447.5
27,1,458.5
27,2,460
27,3,402.5
27,4,456.5
27,5,468.5
27,6,631.5
27,7,537.5
27,8,429.5
27,9,508
27,10,462.5
27,11,367
27,12,444.5
27,13,428.5
27,14,491
27,15,492
27,16,386.5
27,17,444.5
27,18,472.5
27,19,542.5
27,20,484.5
27,21,582.5
27,22,409
27,23,494.5
27,24,503
27,25,428.5
27,26,567
27,27,423
27,28,442
27,29,502
27,30,569
27,31,586
27,32,347
27,33,375
27,34,530
27,35,493
27,36,461.5
27,37,452
27,38,465.5
27,39,468.5
27,40,427
27,41,451.5
27,42,500
27,43,457.5
27,44,435
27,45,488
27,46,607.5
27,47,432
27,48,544.5
27,49,495.5
27,50,506
28,1,189
28,2,184
28,3,278
28,4,130.5
28,5,340.5
28,6,310
28,7,275.5
28,8,157
28,9,307.5
28,10,314.5
28,11,259.5
28,12,157
28,13,237
28,14,292
28,15,346
28,16,242
28,17,213
28,18,263
28,19,249.5
28,20,158.5
28,21,270
28,22,181
28,23,266
28,24,160.5
28,25,143.5
28,26,291.5
28,27,306.5
28,28,135.5
28,29,83
28,30,141
28,31,363.5
28,32,80
28,33,254.5
28,34,257
28,35,323
28,36,328.5
28,37,412
28,38,217
28,39,207
28,40,131
28,41,317.5
28,42,177
28,43,191.5
28,44,275.5
28,45,293
28,46,293
28,47,219.5
28,48,329
28,49,181
28,50,217
29,1,221
29,2,127
29,3,176
29,4,133
29,5,278.5
29,6,176
29,7,341
29,8,233.5
29,9,248
29,10,178
29,11,169.5
29,12,196.5
29,13,244
29,14,202.5
29,15,260
29,16,245
29,17,199.5
29,18,204
29,19,304.5
29,20,151
29,21,348
29,22,81
29,23,89.5
29,24,87
29,25,111.5
29,26,190
29,27,109
29,28,167
29,29,185.5
29,30,236
29,31,245.5
29,32,172
29,33,122.5
29,34,189.5
29,35,240
29,36,252.5
29,37,207
29,38,120
29,39,156
29,40,153.5
29,41,146.5
29,42,210.5
29,43,165
29,44,134
29,45,185
29,46,289.5
29,47,127.5
29,48,251.5
29,49,223.5
29,50,287
30,1,156
30,2,251
30,3,144
30,4,151
30,5,262
30,6,212.5
30,7,176
30,8,105.5
30,9,205.5
30,10,219
30,11,48
30,12,260.5
30,13,223.5
30,14,106
30,15,205.5
30,16,171
30,17,178.5
30,18,289
30,19,192
30,20,155.5
30,21,218
30,22,-28
30,23,183.5
30,24,182
30,25,164
30,26,308
30,27,109
30,28,186.5
30,29,108
30,30,219
30,31,223.5
30,32,82
30,33,157.5
30,34,319.5
30,35,266
30,36,241
30,37,337
30,38,253.5
30,39,155.5
30,40,154
30,41,222
30,42,157
30,43,152.5
30,44,180
30,45,244
30,46,314.5
30,47,216
30,48,291
30,49,172.5
30,50,258.5
31,1,441
31,2,422
31,3,416.5
31,4,438.5
31,5,544.5
31,6,492.5
31,7,471
31,8,413.5
31,9,535
31,10,492.5
31,11,484.5
31,12,489
31,13,504.5
31,14,557
31,15,446.5
31,16,422.5
31,17,443.5
31,18,496
31,19,543
31,20,428.5
31,21,554.5
31,22,454.5
31,23,574.5
31,24,401
31,25,364
31,26,562.5
31,27,475.5
31,28,529
31,29,462.5
31,30,552.5
31,31,527
31,32,419
31,33,437.5
31,34,448.5
31,35,417
31,36,506.5
31,37,534.5
31,38,533.5
31,39,431
31,40,398
31,41,613
31,42,430
31,43,483
31,44,417.5
31,45,420
31,46,520
31,47,478
31,48,458
31,49,464
31,50,510.5
32,1,318.5
32,2,414
32,3,374.5
32,4,284
32,5,424.5
32,6,425.5
32,7,478.5
32,8,431.5
32,9,481
32,10,413.5
32,11,400.5
32,12,492
32,13,293.5
32,14,513
32,15,320.5
32,16,375.5
32,17,382
32,18,410.5
32,19,414
32,20,318.5
32,21,489.5
32,22,294.5
32,23,636.5
32,24,257.5
32,25,351.5
32,26,485.5
32,27,398.5
32,28,349
32,29,303
32,30,497.5
32,31,502
32,32,234.5
32,33,225
32,34,502
32,35,422
32,36,433
32,37,455.5
32,38,390.5
32,39,347.5
32,40,257.5
32,41,378
32,42,466.5
32,43,352.5
32,44,332
32,45,447.5
32,46,499
32,47,454
32,48,510.5
32,49,385
32,50,370.5
33,1,409
33,2,434.5
33,3,393
33,4,505.5
33,5,431
33,6,466
33,7,460.5
33,8,315.5
33,9,323.5
33,10,455
33,11,391
33,12,415
33,13,476.5
33,14,307.5
33,15,383
33,16,356.5
33,17,357
33,18,446
33,19,439
33,20,378
33,21,413.5
33,22,387
33,23,475.5
33,24,402.5
33,25,366.5
33,26,552
33,27,299.5
33,28,413
33,29,434
33,30,437.5
33,31,435.5
33,32,285.5
33,33,448.5
33,34,523
33,35,534.5
33,36,428.5
33,37,452.5
33,38,451
33,39,330.5
33,40,348.5
33,41,354
33,42,402.5
33,43,492
33,44,301
33,45,350
33,46,509.5
33,47,353
33,48,477
33,49,430.5
33,50,512
34,1,460
34,2,366
34,3,372
34,4,404
34,5,339.5
34,6,380.5
34,7,493.5
34,8,416.5
34,9,460.5
34,10,367
34,11,356.5
34,12,458
34,13,485
34,14,400.5
34,15,426
34,16,545.5
34,17,361
34,18,421
34,19,526.5
34,20,325
34,21,510
34,22,287
34,23,530.5
34,24,401
34,25,338
34,26,455
34,27,351.5
34,28,346
34,29,424.5
34,30,418
34,31,484
34,32,261
34,33,341
34,34,482
34,35,375
34,36,379.5
34,37,481
34,38,347.5
34,39,315.5
34,40,324.5
34,41,404.5
34,42,394
34,43,441
34,44,344.5
34,45,401.5
34,46,518.5
34,47,336.5
34,48,374.5
34,49,477
34,50,433.5
35,1,397.5
35,2,451
35,3,490
35,4,489
35,5,538
35,6,648
35,7,630.5
35,8,438.5
35,9,540.5
35,10,548.5
35,11,495
35,12,494.5
35,13,475
35,14,544
35,15,546.5
35,16,571
35,17,526.5
35,18,480
35,19,629
35,20,361
35,21,506.5
35,22,367.5
35,23,512.5
35,24,492
35,25,394
35,26,534.5
35,27,360
35,28,430.5
35,29,499
35,30,535
35,31,549.5
35,32,472
35,33,378.5
35,34,484.5
35,35,577.5
35,36,456
35,37,511.5
35,38,471.5
35,39,466
35,40,433.5
35,41,525
35,42,481.5
35,43,458.5
35,44,382
35,45,467
35,46,504
35,47,457.5
35,48,423
35,49,449.5
35,50,514
36,1,254
36,2,307
36,3,140
36,4,182.5
36,5,254.5
36,6,284.5
36,7,390
36,8,260
36,9,227.5
36,10,213.5
36,11,244.5
36,12,261
36,13,269
36,14,316.5
36,15,274.5
36,16,259.5
36,17,264.5
36,18,409.5
36,19,369.5
36,20,147
36,21,374
36,22,149
36,23,340
36,24,207
36,25,81.5
36,26,266
36,27,300
36,28,139
36,29,185
36,30,289.5
36,31,243.5
36,32,96
36,33,181
36,34,320
36,35,243
36,36,338
36,37,279
36,38,222.5
36,39,258.5
36,40,84.5
36,41,241.5
36,42,346.5
36,43,325
36,44,293.5
36,45,260.5
36,46,296
36,47,282
36,48,277.5
36,49,196
36,50,399.5
37,1,633
37,2,600
37,3,500.5
37,4,654.5
37,5,588.5
37,6,586.5
37,7,605.5
37,8,470.5
37,9,508
37,10,571
37,11,574
37,12,470.5
37,13,441.5
37,14,562.5
37,15,571.5
37,16,455.5
37,17,522
37,18,482.5
37,19,576.5
37,20,453.5
37,21,508.5
37,22,421
37,23,547.5
37,24,508.5
37,25,422
37,26,594.5
37,27,461
37,28,406.5
37,29,459.5
37,30,541
37,31,559
37,32,427
37,33,468
37,34,535.5
37,35,571.5
37,36,535
37,37,580.5
37,38,485.5
37,39,487
37,40,508
37,41,462.5
37,42,466.5
37,43,414
37,44,439
37,45,440.5
37,46,528
37,47,525.5
37,48,533.5
37,49,567
37,50,553.5
38,1,71
38,2,78.5
38,3,85
38,4,37.5
38,5,92.5
38,6,158.5
38,7,221
38,8,73
38,9,210
38,10,74
38,11,115
38,12,128.5
38,13,128
38,14,174.5
38,15,183
38,16,58.5
38,17,71.5
38,18,115.5
38,19,143.5
38,20,46.5
38,21,111
38,22,87.5
38,23,72.5
38,24,-16
38,25,-5.5
38,26,146
38,27,71
38,28,69.5
38,29,99.5
38,30,137
38,31,-1.5
38,32,-141
38,33,111.5
38,34,156.5
38,35,156.5
38,36,127
38,37,78
38,38,171
38,39,32
38,40,29
38,41,189
38,42,92
38,43,107
38,44,22
38,45,124
38,46,166.5
38,47,84
38,48,108
38,49,31
38,50,228.5
39,1,268.5
39,2,464
39,3,339
39,4,321.5
39,5,458.5
39,6,501.5
39,7,392.5
39,8,316.5
39,9,474
39,10,486
39,11,407.5
39,12,430.5
39,13,369
39,14,405.5
39,15,379.5
39,16,377
39,17,368
39,18,360.5
39,19,477.5
39,20,341.5
39,21,391.5
39,22,231.5
39,23,421
39,24,392.5
39,25,276.5
39,26,448
39,27,229.5
39,28,247.5
39,29,359.5
39,30,373
39,31,460.5
39,32,240
39,33,350
39,34,448
39,35,454
39,36,390
39,37,433
39,38,473
39,39,378.5
39,40,129
39,41,478.5
39,42,338.5
39,43,388.5
39,44,298.5
39,45,408
39,46,395
39,47,377.5
39,48,400
39,49,356.5
39,50,438
40,1,396.5
40,2,372
40,3,513.5
40,4,443.5
40,5,521
40,6,504
40,7,474.5
40,8,472
40,9,433
40,10,440
40,11,490.5
40,12,372.5
40,13,457
40,14,517.5
40,15,428
40,16,399.5
40,17,467
40,18,509
40,19,496.5
40,20,286.5
40,21,498
40,22,308
40,23,526.5
40,24,458.5
40,25,321
40,26,531
40,27,496.5
40,28,415.5
40,29,446.5
40,30,571.5
40,31,422
40,32,380
40,33,407.5
40,34,488.5
40,35,522.5
40,36,479.5
40,37,445
40,38,451.5
40,39,405.5
40,40,286
40,41,473
40,42,437
40,43,460.5
40,44,387
40,45,376
40,46,505
40,47,425.5
40,48,519.5
40,49,433.5
40,50,472
41,1,381.5
41,2,351
41,3,299.5
41,4,308
41,5,409
41,6,420
41,7,414
41,8,356.5
41,9,423
41,10,382
41,11,269.5
41,12,374
41,13,327
41,14,357.5
41,15,334.5
41,16,293.5
41,17,342
41,18,413
41,19,464
41,20,221.5
41,21,435
41,22,264
41,23,305.5
41,24,262.5
41,25,341.5
41,26,411
41,27,314
41,28,323
41,29,273.5
41,30,371
41,31,349
41,32,254
41,33,309.5
41,34,380.5
41,35,471.5
41,36,293.5
41,37,329
41,38,409.5
41,39,341
41,40,240
41,41,398
41,42,283
41,43,376.5
41,44,293
41,45,266
41,46,416.5
41,47,259.5
41,48,376
41,49,390
41,50,357.5
42,1,313.5
42,2,189
42,3,276
42,4,296
42,5,339.5
42,6,482.5
42,7,370
42,8,344
42,9,415
42,10,438.5
42,11,308
42,12,344.5
42,13,283.5
42,14,319
42,15,269.5
42,16,321.5
42,17,387
42,18,324.5
42,19,318.5
42,20,147.5
42,21,353.5
42,22,369.5
42,23,355
42,24,299.5
42,25,190.5
42,26,377
42,27,164
42,28,201
42,29,286.5
42,30,291.5
42,31,357
42,32,250.5
42,33,291
42,34,291
42,35,290
42,36,462
42,37,371.5
42,38,443.5
42,39,278.5
42,40,185
42,41,331.5
42,42,283
42,43,310
42,44,195
42,45,383.5
42,46,400.5
42,47,360.5
42,48,333
42,49,325.5
42,50,336.5
43,1,486
43,2,532.5
43,3,482.5
43,4,471
43,5,526.5
43,6,508
43,7,568
43,8,410.5
43,9,568
43,10,522.5
43,11,505
43,12,577
43,13,537.5
43,14,522
43,15,538.5
43,16,535
43,17,529.5
43,18,587.5
43,19,507.5
43,20,389
43,21,484.5
43,22,461
43,23,559
43,24,492
43,25,431.5
43,26,634
43,27,384.5
43,28,298
43,29,535
43,30,532
43,31,607
43,32,474.5
43,33,487.5
43,34,538
43,35,568.5
43,36,491.5
43,37,517
43,38,639.5
43,39,529
43,40,414
43,41,558
43,42,483
43,43,485.5
43,44,533.5
43,45,467
43,46,571
43,47,534.5
43,48,496
43,49,482
43,50,636.5
44,1,385
44,2,494
44,3,396.5
44,4,458
44,5,434.5
44,6,405
44,7,460.5
44,8,422
44,9,504.5
44,10,456
44,11,376
44,12,371
44,13,386.5
44,14,440
44,15,401.5
44,16,472
44,17,388
44,18,443
44,19,541.5
44,20,338.5
44,21,462.5
44,22,390
44,23,322
44,24,503.5
44,25,421.5
44,26,424.5
44,27,412.5
44,28,342.5
44,29,446
44,30,499
44,31,517.5
44,32,271.5
44,33,397.5
44,34,474.5
44,35,508
44,36,324
44,37,398.5
44,38,549.5
44,39,396.5
44,40,359
44,41,385.5
44,42,405.5
44,43,489.5
44,44,314
44,45,317.5
44,46,477.5
44,47,335.5
44,48,396.5
44,49,377.5
44,50,442.5
45,1,160
45,2,175.5
45,3,140
45,4,114
45,5,172
45,6,197.5
45,7,206.5
45,8,188.5
45,9,282.5
45,10,214
45,11,198.5
45,12,264.5
45,13,199.5
45,14,188
45,15,198.5
45,16,47
45,17,55.5
45,18,200.5
45,19,192.5
45,20,86
45,21,209.5
45,22,23.5
45,23,181.5
45,24,112
45,25,39.5
45,26,250
45,27,210.5
45,28,116
45,29,151
45,30,188
45,31,182
45,32,75.5
45,33,119
45,34,133
45,35,223
45,36,245
45,37,207.5
45,38,213
45,39,90
45,40,97.5
45,41,180
45,42,170.5
45,43,90.5
45,44,72
45,45,223.5
45,46,259.5
45,47,152
45,48,169.5
45,49,142
45,50,196.5
46,1,309
46,2,230
46,3,193
46,4,261.5
46,5,292
46,6,412
46,7,355
46,8,244
46,9,363
46,10,322.5
46,11,229
46,12,314
46,13,250
46,14,329
46,15,332
46,16,252.5
46,17,351
46,18,326
46,19,332
46,20,178
46,21,386
46,22,274
46,23,336.5
46,24,358
46,25,221.5
46,26,348.5
46,27,254
46,28,254.5
46,29,298.5
46,30,343
46,31,312.5
46,32,95
46,33,256.5
46,34,409
46,35,273
46,36,241.5
46,37,241
46,38,291.5
46,39,234.5
46,40,272
46,41,338.5
46,42,285
46,43,251.5
46,44,223
46,45,376
46,46,327.5
46,47,239.5
46,48,302
46,49,261
46,50,329.5
47,1,140
47,2,127
47,3,95.5
47,4,-21
47,5,238
47,6,154
47,7,176.5
47,8,134
47,9,121
47,10,104
47,11,133
47,12,107
47,13,35.5
47,14,131.5
47,15,138
47,16,58.5
47,17,267
47,18,166.5
47,19,215.5
47,20,-14.5
47,21,95
47,22,68
47,23,221.5
47,24,121.5
47,25,46
47,26,169.5
47,27,135.5
47,28,80.5
47,29,130
47,30,225
47,31,137.5
47,32,-47.5
47,33,3.5
47,34,76
47,35,216.5
47,36,237.5
47,37,230.5
47,38,115.5
47,39,3
47,40,78.5
47,41,167.5
47,42,198
47,43,275.5
47,44,111.5
47,45,141
47,46,183
47,47,88.5
47,48,211.5
47,49,119
47,50,134
48,1,296
48,2,305
48,3,235.5
48,4,186
48,5,319
48,6,351
48,7,363.5
48,8,302.5
48,9,390.5
48,10,308
48,11,252
48,12,274
48,13,223
48,14,182.5
48,15,226
48,16,275.5
48,17,184.5
48,18,311
48,19,393
48,20,190.5
48,21,376
48,22,218
48,23,289
48,24,178
48,25,151
48,26,383
48,27,308.5
48,28,206.5
48,29,348
48,30,339
48,31,297.5
48,32,183.5
48,33,222.5
48,34,353
48,35,385
48,36,328.5
48,37,343
48,38,358.5
48,39,158
48,40,238
48,41,197.5
48,42,305
48,43,342
48,44,234
48,45,281.5
48,46,359
48,47,292.5
48,48,277.5
48,49,236
48,50,336
49,1,271
49,2,272.5
49,3,213.5
49,4,212.5
49,5,430
49,6,351.5
49,7,312
49,8,301
49,9,357.5
49,10,289
49,11,267.5
49,12,264.5
49,13,339.5
49,14,179
49,15,302.5
49,16,232
49,17,260.5
49,18,308
49,19,282.5
49,20,130
49,21,339
49,22,238
49,23,226
49,24,184.5
49,25,193.5
49,26,346
49,27,318
49,28,246
49,29,278.5
49,30,304.5
49,31,267.5
49,32,186.5
49,33,160
49,34,256
49,35,327.5
49,36,224
49,37,254
49,38,296.5
49,39,135.5
49,40,216.5
49,41,254
49,42,239
49,43,359
49,44,190.5
49,45,233
49,46,277.5
49,47,252
49,48,194.5
49,49,317.5
49,50,281
50,1,487
50,2,523
50,3,486.5
50,4,554.5
50,5,548.5
50,6,661
50,7,543
50,8,485
50,9,567.5
50,10,566
50,11,612.5
50,12,583.5
50,13,613.5
50,14,597.5
50,15,579.5
50,16,515.5
50,17,500.5
50,18,519.5
50,19,487.5
50,20,504
50,21,541
50,22,479
50,23,588
50,24,462
50,25,440
50,26,588.5
50,27,453.5
50,28,508
50,29,570.5
50,30,587
50,31,522
50,32,400
50,33,405
50,34,591.5
50,35,568.5
50,36,493.5
50,37,546.5
50,38,532.5
50,39,443
50,40,516.5
50,41,525
50,42,568
50,43,567.5
50,44,491.5
50,45,454.5
50,46,470
50,47,555
50,48,491.5
50,49,485.5
50,50,645
51,1,352.5
51,2,299
51,3,414
51,4,436
51,5,535
51,6,463
51,7,424
51,8,457.5
51,9,439.5
51,10,464.5
51,11,450
51,12,480
51,13,383.5
51,14,405
51,15,456
51,16,463.5
51,17,417
51,18,462.5
51,19,562.5
51,20,415
51,21,452.5
51,22,335
51,23,388.5
51,24,430.5
51,25,364
51,26,440
51,27,391.5
51,28,487.5
51,29,396
51,30,369.5
51,31,487
51,32,247.5
51,33,374.5
51,34,445
51,35,380.5
51,36,441
51,37,505.5
51,38,540.5
51,39,427.5
51,40,248
51,41,472
51,42,474
51,43,448.5
51,44,401
51,45,462
51,46,467
51,47,450
51,48,328
51,49,327
51,50,404.5
52,1,418.5
52,2,578
52,3,524
52,4,644
52,5,645
52,6,631.5
52,7,623.5
52,8,506.5
52,9,485
52,10,603.5
52,11,592.5
52,12,659.5
52,13,444.5
52,14,565
52,15,629.5
52,16,554
52,17,511
52,18,510.5
52,19,658.5
52,20,483
52,21,591.5
52,22,444.5
52,23,594
52,24,525
52,25,476
52,26,619
52,27,446.5
52,28,510
52,29,524
52,30,571
52,31,583
52,32,412
52,33,452.5
52,34,617
52,35,627.5
52,36,596
52,37,646.5
52,38,638
52,39,496
52,40,470.5
52,41,574
52,42,623.5
52,43,645.5
52,44,502
52,45,601.5
52,46,636
52,47,538
52,48,621.5
52,49,619.5
52,50,556.5
53,1,426.5
53,2,441
53,3,433
53,4,377
53,5,442
53,6,508
53,7,518.5
53,8,366
53,9,436
53,10,541
53,11,412
53,12,489.5
53,13,414.5
53,14,433
53,15,407
53,16,441.5
53,17,507
53,18,371.5
53,19,451
53,20,289
53,21,449
53,22,381
53,23,428.5
53,24,439.5
53,25,377
53,26,485.5
53,27,460
53,28,573
53,29,495.5
53,30,484
53,31,539
53,32,289.5
53,33,390
53,34,449.5
53,35,508
53,36,411
53,37,467
53,38,405.5
53,39,378.5
53,40,292.5
53,41,508.5
53,42,404
53,43,521.5
53,44,394.5
53,45,402
53,46,497.5
53,47,466
53,48,436
53,49,503
53,50,485
54,1,431.5
54,2,493.5
54,3,313.5
54,4,363
54,5,437.5
54,6,477
54,7,390.5
54,8,463
54,9,469.5
54,10,482
54,11,406
54,12,464
54,13,345.5
54,14,467.5
54,15,356.5
54,16,426.5
54,17,485
54,18,446
54,19,422
54,20,218
54,21,525
54,22,285.5
54,23,477.5
54,24,407.5
54,25,347.5
54,26,594
54,27,346.5
54,28,471.5
54,29,427.5
54,30,482
54,31,512.5
54,32,264.5
54,33,375
54,34,437.5
54,35,562
54,36,412
54,37,412
54,38,474.5
54,39,457
54,40,259
54,41,399.5
54,42,384.5
54,43,418
54,44,318.5
54,45,326
54,46,516
54,47,421.5
54,48,487
54,49,451
54,50,389.5
55,1,345
55,2,354
55,3,481.5
55,4,419.5
55,5,504.5
55,6,387
55,7,445
55,8,367.5
55,9,376.5
55,10,405
55,11,410.5
55,12,426
55,13,318.5
55,14,319.5
55,15,385
55,16,400
55,17,295
55,18,413
55,19,486.5
55,20,274.5
55,21,448
55,22,298
55,23,458
55,24,451
55,25,355
55,26,515
55,27,427.5
55,28,392.5
55,29,394
55,30,501.5
55,31,397
55,32,338
55,33,253.5
55,34,425.5
55,35,526.5
55,36,441
55,37,431
55,38,457
55,39,351
55,40,267
55,41,364
55,42,356.5
55,43,316
55,44,407
55,45,368.5
55,46,457.5
55,47,408.5
55,48,424.5
55,49,431
55,50,393.5
56,1,432.5
56,2,578
56,3,342.5
56,4,463.5
56,5,468
56,6,537.5
56,7,450
56,8,536
56,9,575.5
56,10,519.5
56,11,458.5
56,12,477.5
56,13,448
56,14,471.5
56,15,476.5
56,16,475.5
56,17,472
56,18,519
56,19,604.5
56,20,453
56,21,532.5
56,22,426
56,23,545.5
56,24,433
56,25,447.5
56,26,523.5
56,27,458.5
56,28,395.5
56,29,492
56,30,448.5
56,31,627.5
56,32,372.5
56,33,426.5
56,34,549
56,35,504.5
56,36,455
56,37,518.5
56,38,553.5
56,39,511.5
56,40,416.5
56,41,564.5
56,42,527.5
56,43,493
56,44,459.5
56,45,403
56,46,551
56,47,428.5
56,48,352
56,49,487
56,50,528.5
57,1,216
57,2,238
57,3,255.5
57,4,246.5
57,5,401.5
57,6,358
57,7,378.5
57,8,283.5
57,9,298
57,10,296
57,11,413.5
57,12,406
57,13,263
57,14,240.5
57,15,290.5
57,16,375
57,17,347
57,18,281.5
57,19,386
57,20,193
57,21,383.5
57,22,327
57,23,324
57,24,258
57,25,254
57,26,492
57,27,244.5
57,28,214.5
57,29,279.5
57,30,354.5
57,31,321.5
57,32,209
57,33,319.5
57,34,335
57,35,428.5
57,36,330.5
57,37,289.5
57,38,234.5
57,39,231
57,40,182.5
57,41,242
57,42,290
57,43,364.5
57,44,236
57,45,333
57,46,349.5
57,47,286.5
57,48,351
57,49,344
57,50,327
58,1,440.5
58,2,503
58,3,471
58,4,560.5
58,5,572.5
58,6,551
58,7,433
58,8,509.5
58,9,571
58,10,495
58,11,536
58,12,492
58,13,432.5
58,14,473.5
58,15,445.5
58,16,368
58,17,545.5
58,18,515.5
58,19,387.5
58,20,424
58,21,584.5
58,22,357
58,23,371.5
58,24,493.5
58,25,411.5
58,26,501.5
58,27,479
58,28,502.5
58,29,514.5
58,30,569.5
58,31,463.5
58,32,398
58,33,373
58,34,550
58,35,528
58,36,528.5
58,37,445
58,38,425
58,39,490.5
58,40,405
58,41,422.5
58,42,391.5
58,43,481.5
58,44,330.5
58,45,495.5
58,46,597
58,47,417.5
58,48,446
58,49,463.5
58,50,574.5
59,1,623
59,2,624.5
59,3,471
59,4,518.5
59,5,647
59,6,542.5
59,7,605.5
59,8,467
59,9,533.5
59,10,561.5
59,11,535.5
59,12,516.5
59,13,477.5
59,14,494
59,15,567
59,16,611.5
59,17,424.5
59,18,579
59,19,621
59,20,385
59,21,504.5
59,22,470
59,23,488.5
59,24,504.5
59,25,493
59,26,601.5
59,27,620.5
59,28,544
59,29,511.5
59,30,610
59,31,650
59,32,512.5
59,33,423
59,34,572.5
59,35,490
59,36,489.5
59,37,492.5
59,38,569
59,39,518
59,40,447.5
59,41,545
59,42,604
59,43,582
59,44,567.5
59,45,535.5
59,46,569
59,47,570.5
59,48,486.5
59,49,451.5
59,50,548.5
60,1,247
60,2,260.5
60,3,314.5
60,4,290
60,5,335.5
60,6,372.5
60,7,347.5
60,8,306
60,9,321
60,10,285
60,11,302.5
60,12,366.5
60,13,331
60,14,297
60,15,287
60,16,410
60,17,243
60,18,292
60,19,367
60,20,235
60,21,328.5
60,22,321
60,23,372.5
60,24,280.5
60,25,307.5
60,26,289.5
60,27,272.5
60,28,241
60,29,306
60,30,347.5
60,31,387
60,32,168
60,33,254
60,34,317
60,35,432
60,36,311.5
60,37,411
60,38,333
60,39,254
60,40,219.5
60,41,259.5
60,42,267
60,43,325.5
60,44,312
60,45,260.5
60,46,356.5
60,47,320.5
60,48,293
60,49,332
60,50,312
61,1,316
61,2,378
61,3,375
61,4,458.5
61,5,431
61,6,532.5
61,7,405
61,8,361.5
61,9,467
61,10,420
61,11,318.5
61,12,318.5
61,13,412
61,14,356
61,15,288
61,16,335
61,17,447
61,18,441.5
61,19,431
61,20,268
61,21,397
61,22,280.5
61,23,473
61,24,329
61,25,279.5
61,26,418
61,27,331
61,28,378
61,29,362
61,30,444
61,31,498.5
61,32,246.5
61,33,318
61,34,418
61,35,400.5
61,36,489
61,37,391
61,38,420.5
61,39,333.5
61,40,270.5
61,41,339
61,42,359
61,43,413.5
61,44,397
61,45,427.5
61,46,372.5
61,47,384
61,48,369.5
61,49,440
61,50,463
62,1,95.5
62,2,203.5
62,3,172.5
62,4,194
62,5,274.5
62,6,271.5
62,7,301
62,8,234.5
62,9,178.5
62,10,251
62,11,151
62,12,255.5
62,13,168
62,14,144.5
62,15,185
62,16,176
62,17,191.5
62,18,249.5
62,19,123
62,20,39
62,21,244
62,22,102.5
62,23,253
62,24,141
62,25,151
62,26,307.5
62,27,168.5
62,28,185
62,29,273
62,30,237
62,31,157
62,32,23
62,33,70.5
62,34,215.5
62,35,249
62,36,213
62,37,260.5
62,38,99
62,39,114
62,40,131.5
62,41,144
62,42,195
62,43,90
62,44,77
62,45,199.5
62,46,241
62,47,222.5
62,48,101
62,49,226.5
62,50,310.5
63,1,316.5
63,2,330.5
63,3,413.5
63,4,367.5
63,5,478
63,6,395
63,7,420.5
63,8,351
63,9,500
63,10,338
63,11,348.5
63,12,349.5
63,13,332.5
63,14,388.5
63,15,418.5
63,16,425
63,17,308
63,18,410.5
63,19,388
63,20,212.5
63,21,456
63,22,409
63,23,360
63,24,384
63,25,275.5
63,26,497
63,27,334
63,28,319.5
63,29,426.5
63,30,383
63,31,401.5
63,32,304.5
63,33,368.5
63,34,341
63,35,454.5
63,36,419.5
63,37,469
63,38,328
63,39,348
63,40,342.5
63,41,338
63,42,353
63,43,319
63,44,312
63,45,293
63,46,421
63,47,404.5
63,48,270
63,49,441
63,50,349.5
64,1,329.5
64,2,327.5
64,3,250.5
64,4,231
64,5,388
64,6,533.5
64,7,401
64,8,367.5
64,9,340
64,10,377
64,11,431.5
64,12,434
64,13,361
64,14,450
64,15,287
64,16,375.5
64,17,370
64,18,477
64,19,398.5
64,20,262.5
64,21,460.5
64,22,323
64,23,369.5
64,24,292.5
64,25,343
64,26,402.5
64,27,254.5
64,28,324.5
64,29,381
64,30,451
64,31,374
64,32,278.5
64,33,379
64,34,395
64,35,534
64,36,405.5
64,37,378
64,38,421.5
64,39,366
64,40,322.5
64,41,375
64,42,361.5
64,43,335.5
64,44,288.5
64,45,360.5
64,46,442.5
64,47,321
64,48,345.5
64,49,340
64,50,464.5
65,1,324.5
65,2,294
65,3,304
65,4,342.5
65,5,373
65,6,410.5
65,7,473.5
65,8,282.5
65,9,382
65,10,339.5
65,11,352
65,12,378
65,13,380.5
65,14,303
65,15,287
65,16,263
65,17,228.5
65,18,313
65,19,465.5
65,20,413.5
65,21,387.5
65,22,291
65,23,328
65,24,313.5
65,25,175
65,26,383
65,27,335
65,28,268
65,29,241.5
65,30,365
65,31,446.5
65,32,289.5
65,33,156.5
65,34,478
65,35,378
65,36,388.5
65,37,318
65,38,283
65,39,374
65,40,145.5
65,41,335
65,42,350
65,43,338.5
65,44,213.5
65,45,348.5
65,46,381.5
65,47,235.5
65,48,305
65,49,370.5
65,50,345.5
66,1,307.5
66,2,363.5
66,3,349
66,4,257
66,5,331.5
66,6,356.5
66,7,318.5
66,8,337
66,9,404
66,10,412
66,11,333.5
66,12,369
66,13,306
66,14,215.5
66,15,268.5
66,16,328.5
66,17,298
66,18,313.5
66,19,472
66,20,196
66,21,429.5
66,22,222
66,23,427.5
66,24,216.5
66,25,231.5
66,26,431
66,27,295
66,28,221
66,29,254.5
66,30,395.5
66,31,372.5
66,32,163
66,33,195.5
66,34,220
66,35,385.5
66,36,320.5
66,37,399
66,38,304
66,39,238
66,40,269.5
66,41,313.5
66,42,271.5
66,43,259
66,44,276
66,45,166
66,46,274
66,47,428
66,48,383.5
66,49,308.5
66,50,334
67,1,372
67,2,586
67,3,438
67,4,428.5
67,5,537.5
67,6,606.5
67,7,563
67,8,446.5
67,9,560.5
67,10,453
67,11,465
67,12,537
67,13,386.5
67,14,508.5
67,15,388.5
67,16,403.5
67,17,451
67,18,555
67,19,558
67,20,350.5
67,21,480.5
67,22,388.5
67,23,468
67,24,455.5
67,25,425.5
67,26,524.5
67,27,412
67,28,518
67,29,491.5
67,30,527
67,31,588
67,32,383.5
67,33,505
67,34,552.5
67,35,511
67,36,497
67,37,478.5
67,38,404
67,39,386.5
67,40,377.5
67,41,453
67,42,491
67,43,487
67,44,476
67,45,442.5
67,46,568
67,47,521
67,48,486.5
67,49,336
67,50,628
68,1,229
68,2,328.5
68,3,216.5
68,4,297
68,5,445.5
68,6,449.5
68,7,423
68,8,331
68,9,438
68,10,409.5
68,11,159
68,12,339.5
68,13,305.5
68,14,340
68,15,323
68,16,297
68,17,424
68,18,253
68,19,364.5
68,20,227
68,21,366
68,22,231.5
68,23,375
68,24,315
68,25,255.5
68,26,409
68,27,328.5
68,28,268.5
68,29,445
68,30,436.5
68,31,324
68,32,191.5
68,33,286.5
68,34,291
68,35,326
68,36,365.5
68,37,323
68,38,351.5
68,39,173.5
68,40,182.5
68,41,307
68,42,240
68,43,301.5
68,44,287.5
68,45,377.5
68,46,358.5
68,47,405
68,48,358.5
68,49,409
68,50,355.5
69,1,343
69,2,505
69,3,396.5
69,4,369
69,5,515.5
69,6,417
69,7,536.5
69,8,309
69,9,432
69,10,408
69,11,296.5
69,12,433
69,13,444
69,14,456
69,15,412
69,16,374.5
69,17,318
69,18,269
69,19,422.5
69,20,214.5
69,21,425.5
69,22,402
69,23,450
69,24,340
69,25,247
69,26,523
69,27,386.5
69,28,413
69,29,346.5
69,30,537.5
69,31,387
69,32,200.5
69,33,282
69,34,478.5
69,35,497
69,36,424
69,37,431
69,38,559
69,39,389
69,40,289.5
69,41,449.5
69,42,368.5
69,43,335
69,44,305
69,45,439
69,46,524
69,47,372.5
69,48,433
69,49,346
69,50,496.5
70,1,619
70,2,573
70,3,598.5
70,4,458
70,5,687.5
70,6,662.5
70,7,557.5
70,8,457
70,9,654
70,10,594.5
70,11,526
70,12,610.5
70,13,503.5
70,14,592
70,15,520.5
70,16,565
70,17,644
70,18,667
70,19,654
70,20,377.5
70,21,598.5
70,22,506
70,23,623.5
70,24,552
70,25,526
70,26,648.5
70,27,568
70,28,662.5
70,29,566.5
70,30,662.5
70,31,682.5
70,32,555
70,33,576
70,34,629
70,35,757.5
70,36,608
70,37,675
70,38,668
70,39,496
70,40,466.5
70,41,585.5
70,42,552
70,43,526.5
70,44,468
70,45,518
70,46,625
70,47,669
70,48,588.5
70,49,528
70,50,672
71,1,224.5
71,2,327
71,3,273
71,4,235
71,5,284.5
71,6,358.5
71,7,312.5
71,8,276
71,9,256
71,10,202
71,11,224.5
71,12,364.5
71,13,224
71,14,255
71,15,155.5
71,16,239.5
71,17,190
71,18,260
71,19,332.5
71,20,116.5
71,21,336.5
71,22,193.5
71,23,228.5
71,24,292.5
71,25,159.5
71,26,340.5
71,27,225.5
71,28,140
71,29,156.5
71,30,288
71,31,308.5
71,32,128
71,33,221.5
71,34,338
71,35,288.5
71,36,183
71,37,318.5
71,38,251.5
71,39,244.5
71,40,96.5
71,41,250
71,42,207
71,43,319
71,44,263.5
71,45,173.5
71,46,361
71,47,336.5
71,48,297
71,49,346
71,50,323.5
72,1,569
72,2,628.5
72,3,590
72,4,674
72,5,728
72,6,738
72,7,738.5
72,8,621
72,9,718.5
72,10,637
72,11,648.5
72,12,695
72,13,696
72,14,637
72,15,672
72,16,735.5
72,17,610.5
72,18,683.5
72,19,641.5
72,20,491
72,21,773.5
72,22,572.5
72,23,723
72,24,581
72,25,611
72,26,750
72,27,564
72,28,514
72,29,701
72,30,696.5
72,31,645.5
72,32,584
72,33,578.5
72,34,654.5
72,35,656
72,36,729
72,37,710
72,38,783
72,39,659
72,40,575.5
72,41,654.5
72,42,619.5
72,43,685.5
72,44,615
72,45,663.5
72,46,712.5
72,47,642
72,48,617.5
72,49,668
72,50,681
73,1,406.5
73,2,465.5
73,3,390.5
73,4,448
73,5,475
73,6,501.5
73,7,418
73,8,508.5
73,9,406
73,10,413
73,11,467
73,12,470
73,13,517
73,14,441.5
73,15,428
73,16,513
73,17,456.5
73,18,555
73,19,481.5
73,20,375.5
73,21,545.5
73,22,449.5
73,23,504
73,24,382.5
73,25,405
73,26,520.5
73,27,361
73,28,368.5
73,29,531
73,30,605
73,31,486.5
73,32,253.5
73,33,394.5
73,34,571
73,35,575
73,36,405
73,37,506
73,38,380
73,39,441.5
73,40,366.5
73,41,483
73,42,453.5
73,43,459.5
73,44,315
73,45,400
73,46,526.5
73,47,449.5
73,48,463.5
73,49,369
73,50,441
74,1,441.5
74,2,337
74,3,290
74,4,379
74,5,453
74,6,436
74,7,432
74,8,280.5
74,9,367
74,10,433.5
74,11,393
74,12,356
74,13,352.5
74,14,446
74,15,342
74,16,401
74,17,370
74,18,440.5
74,19,366
74,20,333.5
74,21,371
74,22,226.5
74,23,393
74,24,499
74,25,242
74,26,441.5
74,27,406
74,28,382
74,29,354
74,30,430
74,31,460.5
74,32,273.5
74,33,326.5
74,34,428.5
74,35,367.5
74,36,440.5
74,37,390.5
74,38,365.5
74,39,450
74,40,196.5
74,41,326
74,42,366
74,43,395
74,44,355.5
74,45,402
74,46,338
74,47,343.5
74,48,494.5
74,49,406
74,50,401
75,1,496.5
75,2,629.5
75,3,468
75,4,545
75,5,579.5
75,6,605.5
75,7,611.5
75,8,550.5
75,9,613.5
75,10,534
75,11,510
75,12,526.5
75,13,554.5
75,14,539
75,15,476
75,16,478
75,17,579.5
75,18,619
75,19,519.5
75,20,409.5
75,21,543.5
75,22,464.5
75,23,468
75,24,581
75,25,390
75,26,646.5
75,27,507.5
75,28,497
75,29,518
75,30,611.5
75,31,616
75,32,319
75,33,466
75,34,478
75,35,618
75,36,534
75,37,546
75,38,511.5
75,39,422.5
75,40,495
75,41,574
75,42,553
75,43,471.5
75,44,507
75,45,506.5
75,46,631
75,47,545
75,48,561
75,49,503.5
75,50,524
76,1,277
76,2,289.5
76,3,300
76,4,259.5
76,5,274
76,6,376
76,7,295.5
76,8,314.5
76,9,419.5
76,10,308
76,11,331.5
76,12,286
76,13,349
76,14,298
76,15,263.5
76,16,287.5
76,17,224
76,18,296.5
76,19,394
76,20,160.5
76,21,326
76,22,195
76,23,412
76,24,285
76,25,198.5
76,26,351
76,27,249.5
76,28,355
76,29,322
76,30,422
76,31,311
76,32,251.5
76,33,203
76,34,343
76,35,461
76,36,362.5
76,37,343
76,38,354.5
76,39,344.5
76,40,172.5
76,41,293.5
76,42,292
76,43,323
76,44,226.5
76,45,302.5
76,46,242
76,47,183.5
76,48,303
76,49,311
76,50,277
77,1,403.5
77,2,334
77,3,296.5
77,4,367
77,5,445.5
77,6,431
77,7,425
77,8,270.5
77,9,380.5
77,10,431.5
77,11,404
77,12,428
77,13,364
77,14,402.5
77,15,409
77,16,369.5
77,17,295
77,18,527.5
77,19,385.5
77,20,218
77,21,408.5
77,22,338
77,23,287.5
77,24,227.5
77,25,322
77,26,416
77,27,303.5
77,28,336.5
77,29,292.5
77,30,303
77,31,402.5
77,32,305.5
77,33,360.5
77,34,490.5
77,35,447.5
77,36,373.5
77,37,396.5
77,38,421
77,39,394
77,40,352
77,41,378.5
77,42,369.5
77,43,356.5
77,44,302
77,45,327.5
77,46,455
77,47,323
77,48,389.5
77,49,408.5
77,50,428
78,1,433
78,2,421
78,3,358
78,4,439.5
78,5,425.5
78,6,422
78,7,434
78,8,368.5
78,9,491.5
78,10,346
78,11,380.5
78,12,393.5
78,13,483.5
78,14,393.5
78,15,335.5
78,16,362.5
78,17,299
78,18,463
78,19,383
78,20,266.5
78,21,424.5
78,22,316.5
78,23,409
78,24,349.5
78,25,327
78,26,403.5
78,27,297.5
78,28,389
78,29,343
78,30,441.5
78,31,467
78,32,290
78,33,205
78,34,404
78,35,439
78,36,390
78,37,423.5
78,38,411.5
78,39,320
78,40,297.5
78,41,441.5
78,42,464
78,43,385.5
78,44,309
78,45,389
78,46,475
78,47,313
78,48,419
78,49,344
78,50,329
79,1,357.5
79,2,409
79,3,278.5
79,4,291.5
79,5,398
79,6,400.5
79,7,460.5
79,8,307
79,9,355.5
79,10,358
79,11,331.5
79,12,276
79,13,356.5
79,14,302
79,15,355.5
79,16,311
79,17,378
79,18,458
79,19,371
79,20,278.5
79,21,432.5
79,22,245.5
79,23,434.5
79,24,382.5
79,25,411
79,26,359
79,27,337.5
79,28,375.5
79,29,382.5
79,30,427.5
79,31,381.5
79,32,338
79,33,284.5
79,34,520
79,35,414.5
79,36,438
79,37,397.5
79,38,439
79,39,363
79,40,374
79,41,282.5
79,42,286
79,43,360
79,44,361
79,45,327.5
79,46,458
79,47,413.5
79,48,400.5
79,49,408.5
79,50,391
80,1,557.5
80,2,701
80,3,720
80,4,645.5
80,5,782
80,6,664
80,7,595.5
80,8,699
80,9,739.5
80,10,629.5
80,11,624
80,12,684
80,13,643
80,14,771
80,15,692
80,16,631.5
80,17,568.5
80,18,580.5
80,19,672
80,20,568
80,21,739
80,22,585
80,23,653
80,24,654.5
80,25,575
80,26,789.5
80,27,703.5
80,28,589
80,29,672.5
80,30,738.5
80,31,709.5
80,32,524
80,33,622.5
80,34,630.5
80,35,745
80,36,648
80,37,675.5
80,38,571.5
80,39,579
80,40,685
80,41,674.5
80,42,656.5
80,43,606
80,44,704
80,45,626
80,46,755
80,47,598
80,48,772.5
80,49,626
80,50,731
81,1,424
81,2,509
81,3,553.5
81,4,528.5
81,5,556.5
81,6,528
81,7,564.5
81,8,481.5
81,9,579
81,10,520
81,11,525.5
81,12,517
81,13,428.5
81,14,432
81,15,512.5
81,16,502.5
81,17,481.5
81,18,452.5
81,19,485.5
81,20,341
81,21,459
81,22,411.5
81,23,480
81,24,506
81,25,420.5
81,26,575
81,27,335
81,28,469
81,29,434
81,30,515
81,31,518
81,32,360
81,33,367
81,34,467
81,35,563.5
81,36,483.5
81,37,481
81,38,418
81,39,413.5
81,40,341
81,41,465.5
81,42,570.5
81,43,410
81,44,463
81,45,505.5
81,46,527
81,47,471.5
81,48,469.5
81,49,542.5
81,50,542
82,1,301
82,2,349
82,3,341
82,4,444
82,5,456.5
82,6,363
82,7,396
82,8,417.5
82,9,468
82,10,402.5
82,11,377
82,12,454
82,13,295
82,14,375.5
82,15,354
82,16,382.5
82,17,332
82,18,459.5
82,19,444.5
82,20,288
82,21,515.5
82,22,319
82,23,428
82,24,379.5
82,25,338.5
82,26,450
82,27,355
82,28,367
82,29,372.5
82,30,431
82,31,403.5
82,32,351
82,33,359.5
82,34,452
82,35,469.5
82,36,406.5
82,37,349.5
82,38,387
82,39,343.5
82,40,315.5
82,41,412.5
82,42,302
82,43,359
82,44,339
82,45,362.5
82,46,564
82,47,394
82,48,488
82,49,411
82,50,437
83,1,449.5
83,2,469
83,3,496
83,4,433
83,5,508
83,6,577
83,7,409.5
83,8,486.5
83,9,517
83,10,448.5
83,11,542.5
83,12,466
83,13,473
83,14,491.5
83,15,495
83,16,555.5
83,17,566.5
83,18,483
83,19,579.5
83,20,373
83,21,598.5
83,22,412.5
83,23,395
83,24,315
83,25,355
83,26,554
83,27,419
83,28,432
83,29,495.5
83,30,482.5
83,31,365
83,32,284
83,33,523.5
83,34,451.5
83,35,448
83,36,557
83,37,458
83,38,542
83,39,415.5
83,40,399.5
83,41,430.5
83,42,568
83,43,402.5
83,44,466
83,45,499
83,46,605
83,47,447
83,48,427.5
83,49,407.5
83,50,545
84,1,339.5
84,2,430
84,3,370
84,4,334
84,5,497
84,6,522
84,7,530
84,8,388
84,9,480.5
84,10,505
84,11,464.5
84,12,451.5
84,13,294.5
84,14,440
84,15,419.5
84,16,367.5
84,17,509
84,18,495.5
84,19,446
84,20,381.5
84,21,528
84,22,346.5
84,23,492.5
84,24,475.5
84,25,304.5
84,26,468
84,27,363.5
84,28,380.5
84,29,397.5
84,30,409
84,31,516.5
84,32,202
84,33,386.5
84,34,457
84,35,497
84,36,373.5
84,37,499
84,38,437
84,39,400.5
84,40,240
84,41,433.5
84,42,421
84,43,461.5
84,44,486.5
84,45,474
84,46,532
84,47,437.5
84,48,351
84,49,428
84,50,461.5
85,1,381
85,2,303
85,3,374
85,4,363.5
85,5,403.5
85,6,482.5
85,7,379
85,8,443.5
85,9,478
85,10,451
85,11,335
85,12,365.5
85,13,359
85,14,298.5
85,15,371.5
85,16,422
85,17,408
85,18,505
85,19,497.5
85,20,261
85,21,546
85,22,328.5
85,23,397.5
85,24,327
85,25,254.5
85,26,361
85,27,342.5
85,28,325.5
85,29,339
85,30,334.5
85,31,401.5
85,32,268
85,33,289
85,34,470.5
85,35,491
85,36,482
85,37,385.5
85,38,379
85,39,370
85,40,216.5
85,41,448.5
85,42,410
85,43,370
85,44,293.5
85,45,425.5
85,46,402
85,47,364
85,48,424
85,49,429.5
85,50,449.5
86,1,350.5
86,2,388
86,3,338.5
86,4,307.5
86,5,441.5
86,6,502.5
86,7,381
86,8,401
86,9,468.5
86,10,441.5
86,11,359
86,12,459.5
86,13,382
86,14,386.5
86,15,366.5
86,16,466
86,17,480
86,18,502
86,19,543.5
86,20,244
86,21,499
86,22,333.5
86,23,335.5
86,24,358.5
86,25,369
86,26,467.5
86,27,396.5
86,28,311.5
86,29,344
86,30,442
86,31,463
86,32,393.5
86,33,348
86,34,420.5
86,35,444.5
86,36,326
86,37,526.5
86,38,410
86,39,354
86,40,273
86,41,368
86,42,419
86,43,378.5
86,44,303
86,45,422.5
86,46,417
86,47,401
86,48,336.5
86,49,286
86,50,397.5
87,1,304
87,2,501.5
87,3,462
87,4,349.5
87,5,435.5
87,6,420
87,7,437
87,8,293
87,9,418
87,10,462.5
87,11,415.5
87,12,374.5
87,13,305
87,14,537
87,15,424
87,16,449
87,17,452.5
87,18,414.5
87,19,447
87,20,351.5
87,21,542.5
87,22,309
87,23,429
87,24,457
87,25,419.5
87,26,486
87,27,539
87,28,294.5
87,29,383
87,30,497
87,31,318.5
87,32,307.5
87,33,311
87,34,581
87,35,479.5
87,36,599.5
87,37,526.5
87,38,504
87,39,320.5
87,40,328.5
87,41,387.5
87,42,455.5
87,43,359
87,44,386
87,45,289
87,46,552
87,47,381
87,48,440.5
87,49,441.5
87,50,445
88,1,442
88,2,374.5
88,3,501.5
88,4,384
88,5,454
88,6,521
88,7,460
88,8,364
88,9,474
88,10,440.5
88,11,333
88,12,480
88,13,383
88,14,436.5
88,15,458.5
88,16,416
88,17,370
88,18,458.5
88,19,517
88,20,451
88,21,465
88,22,356.5
88,23,409
88,24,497.5
88,25,369.5
88,26,513
88,27,386
88,28,341
88,29,399.5
88,30,502.5
88,31,434.5
88,32,311
88,33,318
88,34,460
88,35,445
88,36,504.5
88,37,573.5
88,38,374
88,39,370.5
88,40,354.5
88,41,495
88,42,537.5
88,43,551
88,44,347
88,45,352.5
88,46,526.5
88,47,474.5
88,48,496.5
88,49,462
88,50,420.5
89,1,491
89,2,636
89,3,517.5
89,4,534
89,5,500
89,6,568
89,7,550
89,8,521
89,9,687.5
89,10,534
89,11,490.5
89,12,545.5
89,13,530
89,14,550
89,15,493
89,16,562
89,17,517
89,18,586
89,19,588.5
89,20,386.5
89,21,524.5
89,22,483.5
89,23,539.5
89,24,486
89,25,377.5
89,26,581
89,27,510.5
89,28,564.5
89,29,548.5
89,30,562.5
89,31,656
89,32,367.5
89,33,453
89,34,628
89,35,488
89,36,483.5
89,37,453
89,38,532
89,39,485
89,40,466.5
89,41,486.5
89,42,545.5
89,43,532.5
89,44,514
89,45,435.5
89,46,543
89,47,522
89,48,536
89,49,499.5
89,50,543.5
90,1,449
90,2,423
90,3,375
90,4,404.5
90,5,553.5
90,6,473.5
90,7,443
90,8,391.5
90,9,398.5
90,10,414.5
90,11,481.5
90,12,461.5
90,13,449.5
90,14,478.5
90,15,376
90,16,305.5
90,17,456.5
90,18,488
90,19,503.5
90,20,317.5
90,21,557
90,22,294
90,23,526
90,24,468.5
90,25,385.5
90,26,587
90,27,449
90,28,360
90,29,397.5
90,30,449.5
90,31,457.5
90,32,393
90,33,446.5
90,34,417.5
90,35,413
90,36,513.5
90,37,583
90,38,570.5
90,39,415.5
90,40,324.5
90,41,395.5
90,42,430
90,43,453.5
90,44,394.5
90,45,456
90,46,495
90,47,408.5
90,48,487.5
90,49,495.5
90,50,564
91,1,404
91,2,456.5
91,3,393
91,4,457
91,5,478.5
91,6,574
91,7,515
91,8,410.5
91,9,508.5
91,10,412.5
91,11,431
91,12,517
91,13,476
91,14,431.5
91,15,415.5
91,16,528.5
91,17,465
91,18,451.5
91,19,496.5
91,20,400.5
91,21,408.5
91,22,305
91,23,539
91,24,450
91,25,342
91,26,451
91,27,466
91,28,413.5
91,29,457
91,30,455.5
91,31,417
91,32,439
91,33,370.5
91,34,428.5
91,35,532
91,36,492.5
91,37,473.5
91,38,471
91,39,407.5
91,40,363
91,41,478.5
91,42,390.5
91,43,428.5
91,44,378
91,45,395.5
91,46,588
91,47,456.5
91,48,409
91,49,424
91,50,537
92,1,370.5
92,2,405.5
92,3,422.5
92,4,346.5
92,5,384
92,6,478
92,7,401.5
92,8,317.5
92,9,417
92,10,414.5
92,11,345
92,12,447.5
92,13,345
92,14,513
92,15,390
92,16,458
92,17,387.5
92,18,516
92,19,470
92,20,296
92,21,381
92,22,313
92,23,395
92,24,342.5
92,25,257.5
92,26,492
92,27,362.5
92,28,361
92,29,356.5
92,30,419.5
92,31,438.5
92,32,339.5
92,33,385.5
92,34,506.5
92,35,396
92,36,345.5
92,37,430
92,38,495.5
92,39,399.5
92,40,351
92,41,387
92,42,412
92,43,369.5
92,44,331
92,45,414
92,46,441
92,47,357
92,48,353
92,49,382
92,50,461
93,1,433
93,2,326
93,3,306.5
93,4,371.5
93,5,424.5
93,6,515.5
93,7,415
93,8,444.5
93,9,392
93,10,414
93,11,323.5
93,12,497.5
93,13,339.5
93,14,396
93,15,532.5
93,16,384
93,17,352.5
93,18,424
93,19,370
93,20,312.5
93,21,349.5
93,22,323.5
93,23,441.5
93,24,314
93,25,360
93,26,502.5
93,27,435.5
93,28,290
93,29,343.5
93,30,472.5
93,31,418
93,32,344.5
93,33,355
93,34,597
93,35,454.5
93,36,437
93,37,518
93,38,468
93,39,310.5
93,40,212.5
93,41,431.5
93,42,350
93,43,400
93,44,401
93,45,415.5
93,46,418
93,47,376
93,48,450.5
93,49,475.5
93,50,505.5
94,1,541
94,2,468.5
94,3,491.5
94,4,492
94,5,518
94,6,547.5
94,7,577.5
94,8,403
94,9,654
94,10,515
94,11,458
94,12,546.5
94,13,521
94,14,569.5
94,15,436.5
94,16,523
94,17,524
94,18,569.5
94,19,533
94,20,446.5
94,21,460.5
94,22,400.5
94,23,541
94,24,497.5
94,25,403
94,26,623.5
94,27,425
94,28,585
94,29,459.5
94,30,563.5
94,31,512.5
94,32,431.5
94,33,497
94,34,572.5
94,35,596.5
94,36,522.5
94,37,525
94,38,548.5
94,39,364.5
94,40,462.5
94,41,494
94,42,520
94,43,556.5
94,44,464
94,45,392
94,46,502.5
94,47,527
94,48,483
94,49,483
94,50,527
95,1,560.5
95,2,696.5
95,3,486
95,4,544
95,5,632.5
95,6,679
95,7,578.5
95,8,411.5
95,9,544
95,10,527.5
95,11,561
95,12,599.5
95,13,588.5
95,14,627
95,15,563
95,16,590
95,17,566
95,18,627.5
95,19,611
95,20,515
95,21,515.5
95,22,526
95,23,710
95,24,599.5
95,25,504.5
95,26,638
95,27,549
95,28,631.5
95,29,561
95,30,666.5
95,31,608.5
95,32,420.5
95,33,580.5
95,34,579.5
95,35,628.5
95,36,696.5
95,37,635
95,38,598
95,39,464
95,40,347.5
95,41,638
95,42,583
95,43,616.5
95,44,449
95,45,460
95,46,748.5
95,47,541.5
95,48,598.5
95,49,493.5
95,50,618.5
96,1,606.5
96,2,576
96,3,439.5
96,4,617
96,5,614.5
96,6,628.5
96,7,647
96,8,547.5
96,9,653
96,10,625
96,11,585.5
96,12,614.5
96,13,459
96,14,593
96,15,604
96,16,598
96,17,522.5
96,18,670.5
96,19,495.5
96,20,473.5
96,21,626
96,22,528.5
96,23,605
96,24,544
96,25,603.5
96,26,587.5
96,27,552
96,28,514
96,29,549
96,30,703.5
96,31,675
96,32,415.5
96,33,480
96,34,607.5
96,35,642
96,36,705
96,37,576
96,38,546
96,39,546.5
96,40,462.5
96,41,541
96,42,571.5
96,43,583
96,44,569.5
96,45,575
96,46,667.5
96,47,554
96,48,674
96,49,616
96,50,642.5
97,1,313
97,2,355
97,3,320.5
97,4,270.5
97,5,440
97,6,426.5
97,7,399.5
97,8,187
97,9,300
97,10,410.5
97,11,315
97,12,409
97,13,326.5
97,14,373.5
97,15,313.5
97,16,502.5
97,17,339
97,18,296
97,19,338.5
97,20,268
97,21,380
97,22,353
97,23,343
97,24,268.5
97,25,261.5
97,26,451
97,27,238.5
97,28,365
97,29,286.5
97,30,412
97,31,410.5
97,32,254.5
97,33,336
97,34,290
97,35,422.5
97,36,360
97,37,475
97,38,404
97,39,302.5
97,40,275.5
97,41,415.5
97,42,397
97,43,390
97,44,424.5
97,45,300.5
97,46,419.5
97,47,378
97,48,375.5
97,49,420
97,50,377.5
98,1,448
98,2,463.5
98,3,331
98,4,396
98,5,388.5
98,6,448
98,7,452
98,8,344
98,9,444
98,10,455
98,11,442.5
98,12,390
98,13,403
98,14,391.5
98,15,442.5
98,16,372.5
98,17,458.5
98,18,405
98,19,404
98,20,264.5
98,21,464
98,22,195
98,23,334.5
98,24,404
98,25,243
98,26,593.5
98,27,319
98,28,339
98,29,328
98,30,486.5
98,31,454
98,32,314.5
98,33,316
98,34,430
98,35,399
98,36,390.5
98,37,458.5
98,38,313.5
98,39,283.5
98,40,341
98,41,463
98,42,344.5
98,43,367.5
98,44,254
98,45,448.5
98,46,478.5
98,47,410
98,48,435
98,49,360.5
98,50,388
99,1,453.5
99,2,486
99,3,526
99,4,522
99,5,558
99,6,483.5
99,7,412
99,8,476.5
99,9,560.5
99,10,456.5
99,11,557.5
99,12,547.5
99,13,513
99,14,417.5
99,15,522.5
99,16,458
99,17,471.5
99,18,626
99,19,578.5
99,20,433
99,21,600
99,22,397.5
99,23,518.5
99,24,554.5
99,25,468
99,26,608
99,27,468
99,28,403
99,29,536.5
99,30,539
99,31,512.5
99,32,434.5
99,33,524
99,34,600.5
99,35,437.5
99,36,499
99,37,562.5
99,38,492.5
99,39,399
99,40,497
99,41,487
99,42,553.5
99,43,488
99,44,547.5
99,45,537.5
99,46,531
99,47,507.5
99,48,597
99,49,464.5
99,50,561
100,1,375
100,2,408.5
100,3,331
100,4,331
100,5,391.5
100,6,405
100,7,422
100,8,391.5
100,9,428.5
100,10,456
100,11,414
100,12,467.5
100,13,530
100,14,402.5
100,15,396.5
100,16,373
100,17,359
100,18,351
100,19,417.5
100,20,311.5
100,21,430.5
100,22,280.5
100,23,386.5
100,24,430
100,25,383.5
100,26,430.5
100,27,289
100,28,411.5
100,29,356
100,30,518.5
100,31,456.5
100,32,308.5
100,33,344.5
100,34,318
100,35,471
100,36,451.5
100,37,469
100,38,382.5
100,39,300
100,40,308
100,41,408.5
100,42,401.5
100,43,460.5
100,44,349.5
100,45,371.5
100,46,507
100,47,371
100,48,387.5
100,49,279
100,50,510.5
